Content Title,Content Description,Content Type,Content Last Watched Date (if viewed),Content Completed At (if completed),Content Saved,Notes taken on videos (if taken),
Career Essentials in Software Development by Microsoft and LinkedIn,Discover the skills needed for a career in software development. Learn the core concepts and structure of programming languages and learn how they are applied.,Learning Path,N/A,N/A,true,N/A,
Career Essentials in Project Management by Microsoft and LinkedIn,"Learn what it takes to succeed as a project management professional. Discover how to manage projects effectively, from simple to complex, with expert guidance on scheduling, budgeting, communication, and more. Explore project management tools included in the Microsoft 365 suite. ",Learning Path,N/A,N/A,true,N/A,
Career Essentials in Business Analysis by Microsoft and LinkedIn,Discover the skills needed to thrive in a business analyst role. Explore foundational business analysis concepts and understand key processes. Practice using software tools for common business analysis tasks.,Learning Path,N/A,N/A,true,N/A,
Career Essentials in Data Analysis by Microsoft and LinkedIn,Discover the skills needed for a career in data analysis. Learn foundational concepts used in data analysis and practice using software tools for data analytics and data visualization.,Learning Path,N/A,N/A,true,N/A,
Become a Software Developer,"Get an introduction to the programming skills needed for a career as a software developer. This learning path provides a broad perspective on core technologies for web development, software development, and databases. It introduces common tools and the bigger picture of how development careers work.",Learning Path,N/A,N/A,true,N/A,
React: Building Styles with CSS Modules (2017),"React styles and CSS styles haven't always agreed in the use of inline styling. As React development has grown, developers have figured out more and more ways of smoothly integrating and maintaining a style with their code. Whether you need to style a React-based user interface or want to create dramatic animation, this course gives you the keys you need to build attractive and maintainable style using React and CSS modules.",Course,N/A,N/A,true,N/A,
Exam Tips: Certified Kubernetes Administrator (CKA),"Kubernetes adoption is exploding; certification is the best way to establish your credibility and value in today's competitive job market. Certified Kubernetes Administrator (CKA) is the most popular options available. This credential—offered by the Linux Foundation—is among the most esteemed certifications for DevOps engineers and IT professionals who are developing and supporting cloud-native applications for Kubernetes. In this course, you can explore the benefits of CKA certification and the topics covered in each of the exam's ten domains. Instructor David Davis also provides study tips to help you be more effective at this proctored, performance-based exam.<br><br>As part of our relationship with The Linux Foundation, we’re able to offer certification candidates a 25% discount on exam vouchers. Candidates can use the discount code “LILEARN25” and sign up <a href=""https://training.linuxfoundation.org/certification/certified-kubernetes-administrator-cka/"" target=""_blank"">here</a>. No restrictions apply.",Course,2021-09-05 06:56 UTC,N/A,true,N/A,
React: Authentication,"User authentication is a critical part of virtually every website, yet few web developers know all the details behind how it works and how to use it to provide a good user experience. In this course, instructor Shaun Wassell dives into the details behind user authentication in the context of React and how to incorporate user authentication into React applications. Shaun begins with some definitions, steps, and basic authentication projects. Then he discusses in-depth email verification and how to set it up. Shaun explains how to give users the ability to reset their passwords, then describes the steps in setting up OAuth. He goes over several prebuilt authentication options, then concludes with some best practice recommendations.",Course,N/A,N/A,true,N/A,
Learning Excel: Data Analysis,"Microsoft Excel is an important tool for data analysis. It helps companies accurately assess situations and make better business decisions. This course helps you unlock the power of your organization's data using the data analysis and visualization tools built into Excel. Author Curt Frye starts with the foundational concepts, including basic calculations such as mean, median, and standard deviation, and provides an introduction to the central limit theorem. He then shows how to visualize data, relationships, and future results with Excel's histograms, graphs, and charts. He also covers testing hypotheses; modeling different data distributions; calculating the covariance and correlation between data sets; and calculating probabilities, combinations, and permutations. Finally, he reviews the process of calculating Bayesian probabilities in Excel. Each chapter includes practical examples that show how to apply the techniques to real-world business problems.",Course,2023-04-15 14:19 UTC,N/A,false,N/A,
Animating in Photoshop,"Interested in bringing your line drawings to life? With Adobe Photoshop, you can transform your hand-drawn artwork into compelling animations quickly, avoiding complex specialty software with steep learning curves. Learn how to use Photoshop to make your drawings move in this course with veteran animator Dermot O' Connor. Find out how to draw captivating characters with media brushes, clean up your rough drawings, and add color and inking. Dermot then takes you to the timeline where the animation takes place and shows how to draw the keys, or main poses of an animation; breakdowns; and inbetweens. He also shows how to plot arcs to establish timing and spacing. Finally, learn how to adjust the timing of the final animation and render out the results. By the end of this course, you'll be able to harness this popular software to bring your artwork to life.<br><br>This course was created by Dermot O' Connor. We are pleased to offer this training in our library.",Course,2022-03-06 04:56 UTC,N/A,false,N/A,
C Programming for Embedded Applications (2018),"Learn to write embedded software in C and deliver applications that are small, efficient, and fast. In this course, instructor Eduardo Corpeño explains how C programming and the Internet of Things combine in embedded applications—software that permanently resides on a device. He reviews the challenges involved in this type of programming, ranging from memory, storage, and power limitations to hardware awareness. He explains how different data types can affect the performance of your app and reviews bit manipulation—an area where C shines. Eduardo shows how to manipulate bit-level data using bit masking and bit fields, demonstrating the strengths of both techniques with an Arduino controller.  Then learn how to use the volatile and const variables to enforce data correctness and read-only access, and explore alternatives to traditional functions, which may take too long to run, and floating-point math, which consumes CPU.",Course,2021-04-08 15:04 UTC,N/A,false,N/A,
Search Techniques for Web Developers,"Effective search skills are often a key part of programming talent. In this course, instructor Morten Rand-Hendriksen highlights several search techniques that you, as a web developer, need to know. Morten begins by explaining where to find reliable information. He goes over several possibilities, including the original source, platform resources, status reference sites, and community resources. Next, Morten shows you how to master searches with search techniques for Google, other search engines, internal site searches, and GitHub. He concludes with a discussion of the developers behind every line of code and how you can enrich your searches for information through participating in and contributing to online communities.",Course,2022-08-29 15:47 UTC,N/A,false,N/A,
Node.js: Security,"How can you protect your Node.js applications from potential threats? In this course, Emmanuel Henri shares best practices that can help Node.js developers secure their apps at all levels, from packages to the server level. Emmanuel helps to familiarize you with the most common security risks in Node.js., including cross-site scripting and server-side injection. He dives into best practices around packages, data, and the server level. Plus, he covers tools—such as Snyk and Burp—that you can use to test your Node.js projects.",Course,2022-12-29 15:16 UTC,N/A,false,N/A,
Building RESTful APIs in Laravel,"APIs serve as a bridge between different applications or systems, allowing us to efficiently share our data with the world. REST, an architectural style that defines how to build APIs, is popular, modern, and lightweight. In this course, discover how to create a RESTful API of your own. Join instructor Zuzana Kunckova as she demonstrates how to build a RESTful API using Laravel, the popular PHP framework. Learn how to set up your application, including how to create the database structure and set up RESTful API routes. Discover how to build your RESTful API and save, display, update, and delete resources Plus, explore how to use Postman to test your API and ensure that it works as expected.",Course,2022-03-14 17:55 UTC,N/A,true,N/A,
Programming Foundations: Object-Oriented Design,"All good software starts with a great design. Object-oriented design helps developers plan applications before they write a single line of code, and break down ideas into reusable and maintainable components. This course focuses on the foundational concepts, teaching them in a fun, interactive way to help you quickly develop your skills. Tag team Olivia and Barron Stone introduce you to the concepts and terms—objects, classes, abstraction, inheritance, and more—that you need to get started. They then show how to take the requirements for an app, identify use cases, and map out classes using Universal Modeling Language (UML). The final design can then be translated into code using one of the many popular object-oriented programming languages, such as Java, C#, Ruby, or Python.",Course,2021-06-07 12:58 UTC,N/A,false,N/A,
C++: Advanced Topics (2018),"Want to deepen your understanding of C++? In this course, explore some of the more complex aspects of this core programming language, from smart pointers to move semantics. Instructor Bill Weinman begins by diving deeper into the subject of classes and objects, including class inheritance. Next, Bill goes over smart pointers, which provide the functionality of a pointer with managed memory allocation. He also covers move semantics, including the copy-and-swap idiom; lambda functions; working with a unit test library; and creating a custom string library. As he wraps up the course, Bill shares practical applications of these concepts, helping you grasp how to leverage your new skills in your own C++ projects.",Course,2020-10-01 14:35 UTC,N/A,false,N/A,
C++ Essential Training (2018),"Learn C++ programming, starting with the basics. Widely used for both systems and applications development, C++ is available for virtually every operating system and has influenced and informed many derivative languages, including C# and Java. In this course, Bill Weinman guides you through the nuts and bolts of this essential language. He helps you set up your environment for coding and dissects the anatomy of a basic C++ program. He reviews the essentials—statements and expressions, variables, conditionals, operators, loops, and functions—and moves on to more complex topics, such as data structures, classes and objects, and templates. Along the way, Bill explains concepts such as recursion, type casting, and operator overloads, and dives into the powerful container classes and algorithms in Standard Template Library (STL). These exhaustive tutorials provide a solid C++ reference for both experienced programmers and those who are brand new to the language.",Course,2020-12-14 14:35 UTC,N/A,false,N/A,
C Essential Training: 1 The Basics (2018),"C has been around for nearly half a century, but it's still as essential as ever. This powerful language lies at the heart of many modern languages—including JavaScript and Objective-C—and is an up-and-coming language for embedded systems. Whether you're taking your very first steps into programming with C, or you just want to brush up on the basics, this course can help to acquaint you with the fundamentals of this mid-level programming language. Instructor Dan Gookin dissects the anatomy of C, from data types and variables to simple functions. Plus, he shows how these basic elements fit together in control structures like loops—where the real logic behind your code comes into play.",Course,2020-12-27 06:45 UTC,N/A,false,N/A,
Git Essential Training: The Basics (2019),"Learn how to use Git, the popular open-source version control software, to manage the source code for almost any project. In this course, Kevin Skoglund explores the fundamental concepts behind version control systems and the Git architecture. Using a step-by-step approach, he shows how to install Git and presents the commands that enable efficient code management. Learn how to add, change, and delete files in the repository; view a log of previous commits; and compare versions of a file. Plus, see how to undo changes to files and ignore certain files in a Git repository.",Course,2021-05-07 13:50 UTC,N/A,false,N/A,
Programming Foundations: Algorithms,"Algorithms are the universal building blocks of programming. They power the software you use every day, whether it's a spreadsheet, a social network, or a driving assistant. Algorithms offer a way to think about programming challenges in plain English, before they are translated into a specific language like C# or JavaScript. In this course, author and developer Joe Marini explains some of the most popular and useful algorithms for searching and sorting information, working with techniques like recursion, and understanding common data structures. He also discusses the performance implications of different algorithms and how to evaluate the performance of a given algorithm. Each algorithm is shown in practice in Python, but the lessons can be applied to any programming language.",Course,2022-03-29 06:54 UTC,N/A,true,N/A,
Learning Personal Branding,"You are the most powerful marketing tool at your disposal. If you are starting a business, establishing your thought leadership, or trying to get ahead in your career, it's a great time to start investing in the brand of you. Learn the secrets of personal branding in this course with marketing expert Chelsea Krost. Chelsea explains how to develop your story, craft your messaging, and define your audience. Then she walks you through building your brand presence online and off, creating a calendar that will help you stay on top of social media and keep your content fresh. Plus, get tips to monetize your personal brand and land speaking engagements and guest roles.",Course,2021-01-16 12:27 UTC,N/A,false,N/A,
Learning Python (2020),"Python—the popular and highly readable object-oriented language—is both powerful and relatively easy to learn. Whether you're new to programming or an experienced developer, this course can help you get started with Python. Joe Marini provides an overview of the installation process, basic Python syntax, and an example of how to construct and run a simple Python program. Learn to work with dates and times, read and write files, and retrieve and parse HTML, JSON, and XML data from the web.",Course,2021-01-10 06:41 UTC,N/A,false,N/A,
Building a Superstar Brand,"Ever wondered what it takes to create your own brand and become a superstar along the way? Explore the value of storytelling, vision, and commitment in this course with World Wrestling Entertainment (WWE) chief brand officer Stephanie McMahon, as she shows you how to lead by example and leave a legacy in your wake. Learn key lessons from Stephanie’s hard-earned experiences and colorful tales of growing up in an entrepreneurial culture. The course shares valuable lessons on how to scale superstar partnerships, create a rich DEI culture, and build powerful fan relationships. Discover proven leadership strategies and tips that you can apply to your own venture or job. Throughout the course, Stephanie looks back on the sacrifices her parents made back when they were first promoting the WWE, growing it from nothing to superpower status, and inspiring millions around the world.<br><br>Note: This course was created by genconnectU. We are pleased to host this training in our library.",Course,2023-08-05 19:38 UTC,N/A,false,N/A,
Learning Java 11,"Java is one of the top five programming languages, and is used for websites, embedded controllers, and Android app development. Interested in learning how to code with Java? Join instructor Kathryn Hodge as she helps you get up and running with this popular language. Kathryn covers all the basics: Data types, strings, functions, and loops. She helps you control the flow and logic of your code, and debug your project to make sure it runs perfectly. Along the way, she provides real-world examples and introduces challenges that allow you to practice your new skills. This course is perfect for developers who need to get up to speed with Java fast, as well as for beginning programmers who want their first taste of this popular language.",Course,2021-06-03 06:47 UTC,N/A,false,N/A,
C++ Design Patterns: Creational,"Design patterns solve the challenges software developers face over and over again. They are reusable, proven solutions that make your software more reliable and flexible to change. Creational design patterns move the creation of objects out of the main codebase and into separate classes-a best practice known as encapsulation. This course explores the five most popular creational design patterns for C++. To convince you of their merits, instructor Olivia Chiu first explains why we use design patterns in the first place, and what problems that creational patterns can help you solve. She then reviews the core concepts, implementation instructions, and examples for each pattern: Factory, Abstract Factory, Builder, Prototype, and Singleton. She also shows how to extend patterns and compare patterns to find the best fit for your applications.",Course,2022-01-05 17:51 UTC,N/A,false,N/A,
Nano Tips to Stop Overthinking with Shadé Zahrai,"Welcome to our <i>Nano Tips</i> series, where LinkedIn Learning creators deliver impactful lessons in literally seconds. In this installment, unlock the secrets of living your life without the burden of overthinking, using key insights from award-winning leadership strategist and peak performance specialist Shadé Zahrai.<br><br>Learn how to stop picking apart or criticizing everything you say and do. Discover practical strategies to develop a mindset that doesn’t prevent you from achieving your goals. Find out more about how overthinking can be so detrimental to your career, your relationships, and your personal and professional life. Along the way, Shadé shows you how to gear yourself up for more positive thinking to move from worry to action with ease.",Course,2023-01-16 17:09 UTC,N/A,false,N/A,
"Learning Full-Stack JavaScript Development: MongoDB, Node, and React","Learn by doing! Learn full-stack JavaScript development by building a web application with MongoDB, Node.js, and React.js.

Learn how to use Node as a web server and an API server, how to consume data and build user interfaces with React, and how to read and write data with a MongoDB database. React allows you to build full-featured, data-driven applications faster and more efficiently than what is possible with JavaScript alone.

Samer Buna introduces modern JavaScript programming concepts, with an emphasis on functional methods and open-source tools. The lessons are almost completely hands-on, with live coding demonstrations that bring the concepts home.",Course,2023-02-16 13:47 UTC,N/A,false,N/A,
Programming Foundations: Databases,"More from LinkedIn Learning's top experts<br><div><a href=""https://www.linkedin.com/newsletters/6674783657376395265?trk=lil-course-description"" target=""_blank"" class=""artdeco-button artdeco-button--1"">Programming Languages Newsletter</a></div><br>Once you get beyond basic programming, you'll need a database. Databases provide a consistent, organized structure for storing and retrieving large amounts of data. They allow programmers to build more complex applications that can take orders, process payments, make recommendations, authenticate users, and more. This course provides the foundation you need to get started in database programming. Explore the terminology: normal forms, ACID and CRUD, referential integrity, transactions, records, and tables. Learn what role keys and unique values play in a relational model. Discover how to design the best system to contain your data, starting with the tables and relationships at the core of your database. Find out how to write queries to extract the data you need, and how to juggle the different demands of storage, access, performance, and security. Instructor Scott Simpson provides practical examples and clear explanations that will help you design databases that can withstand the needs of your applications, your data, and your users.",Course,2022-09-08 16:27 UTC,N/A,true,N/A,
3D Animation and Rigging,"When it comes to bringing believable 3D characters to life in Autodesk Maya, there's always more to learn. In this weekly series, get practical tips that can help you enhance your 3D animation and rigging workflow, as well as generally work smarter in Maya. Instructor George Maestri covers how to mimic stop-motion techniques using replacement animation, write scripts to speed up your rigging process, and much more.",Course,2022-12-04 15:35 UTC,N/A,false,N/A,
Nano Tips and Shortcuts for Using Excel with Kat Norton,"<p>Welcome to our Nano Tips series, where LinkedIn Learning creators deliver impactful lessons in literally seconds. Here, Microsoft MVP and Miss Excel, herself, Kat Norton gives you the latest useful tips on getting the most out of Excel. Learn how to use the new VSTACK function and find a solution to volatile functions. Find out how to use sparklines in your cells to visualize data, and then master automatic list numbering with SEQUENCE and COUNTA functions. Go over shortcuts to remove empty columns, highlight duplicates in a data set, and flash fill to combine names. Discover which items are not on a list using FILTER and COUNTIF, and then learn to fill a series of cells in your data pivot table with the text above the cells. Practice adding a bar chart to your Excel cell. Plus, find out how to create a centered spreadsheet title without merging cells.</p>
 
<p>This course was created by Kat Norton. We are pleased to host this training in our library.</p>",Course,2023-04-11 09:21 UTC,N/A,false,N/A,
JavaScript: Web Form Programming,"Whether your users are ordering food or filling out a job application, web forms will play a role in collecting their information. And as a developer, you want to ensure that your users have a positive experience with your web app—and that the data you collect from them via web forms is clean. In this course, join instructor Joe Marini as he shares techniques for building modern web forms that return clean data and are easy for users to understand, navigate, and complete. Learn how to enhance your forms by properly using labels and implementing keyboard shortcuts. Plus, explore how to dynamically control form field behavior, leverage different validation approaches, and support autofill and autocomplete.",Course,2022-09-08 11:29 UTC,N/A,false,N/A,
Learning FPGA Development,"Field-programmable gate arrays (FPGAs) straddle the boundary between hardware and software. They are customizable circuits that can be updated by customers or designers after manufacturing or deployment in the field. Rather than programming the chip with a series of instructions, FPGA developers create a logic structure from the gates inside the chip, establishing pathways for future data. A low-cost option for electronics prototyping and experimentation, FPGAs programming is a great entry point to digital systems design. This course provides an orientation to FPGAs, exploring the anatomy of the development boards and proprietary hardware description languages, the possibilities for implementation, and a comparison of the two major competing platforms, Xilinx and Intel. Instructor Eduardo Corpeño also provides demos that show a real application working on both platforms.",Course,2021-12-07 13:58 UTC,N/A,false,N/A,
Learning Soldering for Electronics,"In an electronic product such as a cell phone, toy, or automobile, electronic components are attached using solder, a metal compound that melts at a low-enough temperature to be able to be worked by hand or machine. Whether you are prototyping a new product, manufacturing a product at scale, or working on a project in your spare time, you will need to learn how to solder in order to create the electrical and mechanical connections that make it all work. In this course, learn about the tools and techniques needed to make great solder connections. Plus, get troubleshooting tips, including how to fix a cold solder joint and repair a mistake in a PCB.",Course,2022-08-06 12:34 UTC,N/A,false,N/A,
Python for Data Science Essential Training Part 1,"<i>Python for Data Science Essential Training</i> is one of the most popular data science courses at LinkedIn Learning. It has now been updated and expanded to two parts—for even more hands-on experience with Python. In this course, instructor Lillian Pierson takes you step by step through a practical data science project: a web scraper that downloads and analyzes data from the web. Along the way, she introduces techniques to clean, reformat, transform, and describe raw data; generate visualizations; remove outliers; perform simple data analysis; and generate interactive graphs using the Plotly library. You should walk away from this training with basic coding experience that you can take to your organization and quickly apply to your own custom data science projects.",Course,2021-11-15 12:04 UTC,N/A,false,N/A,
React: Design Patterns,"If you’ve learned the basics of React and have worked on many React applications, chances are you’ve run into some recurring problems and situations, like creating reusable layouts or working with forms. If you’ve been on the hunt for solutions to common problems, look no further than this course with Shaun Wassell, where he covers many of the most useful design patterns—effective and repeatable solutions to common application development challenges. This course consists of several sections, each of which will cover a group of React design patterns, ranging from preferred syntax for specific tasks to how to arrange components in the most effective way. Among the topics Shaun covers are composition, higher-order components, state hoisting, controlled vs. uncontrolled components, and many other patterns that help a React app develop into a well-organized codebase.",Course,2023-08-13 12:25 UTC,N/A,false,N/A,
Overcoming Procrastination,"Is procrastination preventing you from achieving the goals you want or need to accomplish? In less than half an hour, this course can help you identify why you delay and how you can overcome your procrastination habit once and for all. Instructor and Kelley School of Business senior lecturer Brenda Bailey-Hughes shows how to separate procrastination from other behaviors and identify what causes you to put tasks on the back burner. Throughout the course, Brenda helps you address your procrastination head on, providing strategies that address common reasons for stalling—from boring tasks to an overall lack of confidence.",Course,2021-11-01 07:25 UTC,N/A,false,N/A,
Learning React.js,"React.js is designed to make the process of building modular, reusable user interface components simple and intuitive. In this course, Eve Porcello guides you through the foundations of React development, including the use of React hooks—a new feature starting in React 16.8 that allows developers to add functionality to components without writing classes. Eve shows how to create components, display dynamic data with properties, and render components using JSX syntax.  Eve also manages the state of components with hooks; uses powerful React enhancements, such as the useEffect hook for loading remote data; and leverages cloud deployment options for apps created with create-react-app.<br><br>
 
This course was created by Eve Porcello. We are pleased to offer this training in our library.",Course,2021-12-22 16:05 UTC,N/A,true,N/A,
Programming Foundations: Data Structures (2019),"Once you get past simple programs with one or two variables, you'll use data structures to store the values in your applications. Data structures are like containers—there's one for every kind of data. While structures like arrays and queues are sometimes taken for granted, a deeper understanding is vital for any programmer who wants to know what's going on ""under the hood"" and understand how the choices they've made impact the performance and efficiency of their applications. In this course, Kathryn Hodge provides an in-depth overview of the most essential data structures for modern programming. Starting with simple ways of grouping data, like arrays and structs, Kathryn gradually introduces more complex data structures, such as linked lists, stacks and queues, hash tables, and trees and graphs. Each lesson is accompanied by a real-world, practical example that shows the data structures in action. When you're finished with the course, you'll have a clear understanding of data structures and understand how to use them—in whatever language you're programming in: C#, Swift, JavaScript, Java, Python, and more.",Course,N/A,N/A,true,N/A,
After Effects Weekly,"During the last few years, After Effects has grown from a simple software program into an ever-evolving motion graphics ecosystem. New features are being added each quarter and it's getting hard to keep up. This weekly series demonstrates tips, tricks, and techniques to help you to stay on top of the changes and reveals undocumented effects and shortcuts that will blow you away. Learn how to reset tools, control animations, create effects, control layers, fix issues, and integrate with Photoshop, Illustrator, and Cinema 4D. Tune in every Friday for a new tip.",Course,2022-10-10 16:14 UTC,N/A,false,N/A,
Learning C++ (2018),"C++ is an efficient and versatile programming language. C++ powers systems software, desktop applications, and even video games, and it's the language that helped land humans on the moon. Simply put, C++ is a must-know for any modern-day programmer—and it's a great place to get started if you're programming for the first time. This course will get you up and running fast. Instructor Erin Colvin covers simple data types, including numbers and strings; flow-control features like loops and if, else, and switch statements; and functions, the code that encapsulates tasks your program performs. Dr. Colvin also covers working with files and special data structures such as classes and linked lists. Each chapter is full of practical code examples and challenges to help you practice your C++ skills.",Course,2021-06-22 04:33 UTC,N/A,true,N/A,
Django: Forms,"Most websites require the use of forms to receive data from users, so it is crucial to know how to safely collect and handle data while maintaining a user-friendly experience on your website. In this course, learn how to use Django to create forms from scratch. Instructor Nick Walter also explains how to deploy forms to your site, access stored data, leverage submitted form data, work with widgets, customize formsets, and more.",Course,2020-12-07 10:21 UTC,N/A,false,N/A,
Building a Website with Node.js and Express.js,"Node.js is a major platform for the web, used by companies like Uber, Netflix, and Intuit. Express.js is a fast, minimalist framework that sits on top of Node.js and allows you to build powerful single- and multi-page web applications and websites. In this course, instructor Daniel Khan shows how to build a realistic and robust website with these technologies. Learn how to build a basic application in minutes, transform HTML into dynamic pages, leverage template engines to modularize code, add routing and business logic, handle errors, store form data, and create API endpoints for single-page applications. Along the way, Daniel helps you pick up bits and pieces about Express.js and improve your overall knowledge of how to work effectively with Node.js.",Course,2022-08-15 15:28 UTC,N/A,true,N/A,
Creating a Serverless Application Using React in AWS,"React is one of the key technologies that the new and modern web is being built upon. In this course, instructor Brett McLaughlin shows you how React and a complete web development ecosystem work together in building applications. Brett goes through all the steps in getting your React app set up, deployed, connected, and supported. Next, he steps you through creating React components to organize and display your content. Brett teaches you how to add cloud services like a database using JSON data and encourages you to ensure your code works on the cloud platform you're targeting. He covers how to interact with AWS and DynamoDB through the command line, then how to create and use a DynamoDB table. Next, Brett goes into how to create, load, and test a new role that can execute Lambda functions and interact with DynamoDB. He walks you through creating and deploying an API gateway. Brett concludes by showing you how to connect your React code to an API Gateway endpoint.",Course,2023-07-04 04:55 UTC,N/A,false,N/A,
First Look: Python 3.9,"Python, like any modern language, is always evolving. In this course, instructor Claire Burn dives into Python 3.9, highlighting the new features, improvements, and deprecations packed into this release. Learn about the significant Python Enhancement Proposals (PEPs) included in Python 3.9, as well as how to distinguish which modules are new (and why they are notable). Discover which modules have been deprecated and why this was necessary. Plus, get tips for overcoming common challenges while porting from Python 2 to Python 3.9, or Python 3.x to Python 3.9.",Course,2022-01-20 19:27 UTC,N/A,false,N/A,
Penetration Testing Web Apps with Kali and Burp Suite,"Websites are one of the most vulnerable pieces of information technology, since their contents are exposed to access from the internet. By understanding how attackers locate and exploit these vulnerabilities, you can help build more secure websites and protect web applications. This course shows you how to perform advanced web testing using the tools available in Kali, the professional pen testing framework. After a brief refresher on web testing, instructor Malcolm Shore introduces some new tools for enumerating and exploiting websites. Malcom teaches you how to spider a website using Burp Suite and check for vulnerable pages, how to find hidden pages on a website, and shows how the common web technologies such as PHP, Nodejs, and ASP can be exploited. He also explains how to integrate Burp Suite and sqlmap to enable deep testing of a web site for hidden access vectors, as well as using tools like Cadaver and Jhead which attackers use to upload malware.",Course,2023-09-27 04:34 UTC,N/A,false,N/A,
Technical Product Management,"Are you interested in exploring a career as a Product Manager in a tech organization, but are concerned you may lack the technical background required? If you’re passionate about technology, are always thinking about new product ideas and enjoy solving problems, then the role of a technical product manager might be just right for you! There’s no straightforward path that leads to a career in technical product management and indeed the role needs a fluid skill set that requires you to wear different hats throughout the product development lifecycle—from idea generation, to coming up with creative solutions, to the implementation stage, and final rollout. In this course, Dr. Marily Nika covers what the role of a technical product manager entails and describes some of the key concepts, skills, mindsets, and frameworks that will make you a great fit for this role, with or without a technical background.",Course,2022-04-05 04:16 UTC,N/A,false,N/A,
Running Kubernetes on AWS (EKS) (2021),"Kubernetes fans rejoice. You can now use this popular container orchestration tool with Amazon Web Services (AWS) to deploy enterprise-scale Kubernetes clusters—without the headaches of managing multiple masters. This course teaches you the ins and outs of Amazon Elastic Container Service for Kubernetes (Amazon EKS), including understanding the deployment model and creating the needed Identity and Access Management (IAM) roles and policies. Instructor Robert Stormer also shows how to deploy and scale EKS workers to meet your needs, and integrate storage and networking. Plus, find out how to manage user access with Amazon IAM and Kubernetes RBAC, and monitor your deployments and underlying resources. Along the way, Robert introduces useful Kubernetes extensions and add-ons that can be used in the AWS environment.",Course,2022-12-30 16:20 UTC,N/A,false,N/A,
Calling REST APIs with Java,"Get the information you need on several popular third-party REST APIs, including the Azure Cognitive Services API, the Twitter API, the Twilio API, and more. Instructor Kevin Bowersox shows you how to call these APIs, using various techniques available in Java. Kevin uses each chapter to focus on a specific third-party API and a specific Java tactic for calling the API. Within each chapter, he goes over the purpose of the API, its major resources, and its security scheme, then he provides hands-on lessons that demonstrate how to call the API. Kevin demonstrates how to interact with these APIs, so you can get hands-on experience working with real world APIs that will translate to other APIs that you can leverage in your professional development.",Course,2022-12-13 14:47 UTC,N/A,false,N/A,
Learning C#,"The C# language got its start on Windows, but today you can find it almost everywhere.  Whether it’s running on the cloud, to desktops with MacOS and Linux, to mobile operating systems like Android and iOS, C# has grown into a mature, powerful language for almost any programming purpose.
In this course, Joe Marini dives into the fundamentals of C#, starting with a basic overview of language constructs like program flow and data types. He then gets into more advance topics such as functions, object-oriented programming techniques, and string processing. After this course, you’ll have a better understanding of C#, and how its combination of power, simplicity, and expressiveness make it an extremely versatile programming language that can be used for almost any scenario.
<p>This course includes Code Challenges powered by CoderPad. Code Challenges are interactive coding exercises with real-time feedback, so you can get hands-on coding practice alongside the course content to advance your programming skills.</p>",Course,2021-10-24 08:33 UTC,N/A,false,N/A,
React: Creating and Hosting a Full-Stack Site,"You've learned React and can create amazing front-end interfaces. But deploying them requires more. You need logic—and a place to put it. By combining your front-end UI with a back-end solution and cloud hosting, you can build powerful and interactive full-stack applications. In this project-based course, Shaun Wassell shows how to combine React, Node.js, and Amazon Web Services (AWS) in a full-stack, full-featured website, including user-friendly forms for posting articles and comments. Learn how to create an interface from React components, develop a Node.js server, tie in a MongoDB database, add user authentication with Firebase Auth, and deploy your site on Amazon Web Services. Join Shaun in this course to gain the skills to take your client services to the next level: full-stack web applications that are truly interactive.",Course,2023-03-27 07:35 UTC,N/A,false,N/A,
Python Code Challenges ,"Want to test your Python skills? These concise challenges let you stretch your brain and test your talents. Instructor Barron Stone shares over a dozen Python challenges, as well as his own solutions to each problem—the majority of which are less than two dozen lines of code. You can tackle each problem using the tools in the Python standard library, or opt for the library of your choice. And since each challenge is self-contained, you can complete the course in any order—and at your own pace. Tune in to get the hands-on practice you need to keep your skills sharp.",Course,2021-06-07 13:00 UTC,N/A,false,N/A,
Writing a Tech Resume,"When you apply for technology jobs, your resume is your opportunity to stand out from the crowd. Emma Bostian shows you how to showcase your technology skills, framing them to impress recruiters and potential employers. Discover how to tailor the content and length to catch a hiring manager’s eye. Learn how to leverage minor design details like spacing, font choice, and color palette to differentiate your resume from the rest, without stepping too far out. Plus, learn how to create a professional online presence on the platforms tech recruiters use most: LinkedIn and GitHub.",Course,2022-11-16 15:40 UTC,N/A,true,N/A,
Figure Drawing: Tonal Rendering,"How can you make a good figure drawing into a great figure drawing? Give it drama with tonal rendering. This course—taught on the iPad Pro—provides you with step-by-step demonstrations that can help you enhance the dimensionality and drama of your figure drawings using tonal rendering techniques. Instructor Amy Wynne starts by demonstrating how to create a five-part tonal gradient, and then shows how to apply this to simple 3D geometric shapes such as an egg, a cylinder, and a block; these shapes serve as the building blocks for constructing your figures. Amy also shows how to build the figure from the inside out—from structure to tonality—and apply silhouette and camouflage using inspiring master drawings as examples. Upon completing this course, you'll be equipped with a few simple techniques that can help you add beautiful lights and shadows to your figure sketches.",Course,2020-11-14 12:57 UTC,N/A,false,N/A,
After Effects: Character Animation Techniques,"Discover how easy it is to bring your characters to life in Adobe After Effects. Join Angie Taylor as she shares tips and tricks for animating within this powerful motion graphics and compositing application. Learn how to set up anchor points, link the different parts of your characters together in a parental hierarchy, and create a simple character rigging system. Get tips for using the Puppet tool, including how to create a sense of depth in your animations and fix glitches with Starch pins. Plus, discover how to link master properties to your Puppet tool rig; leverage RubberHose, a rigging script for After Effects; and easily automate a lip-sync animation.",Course,2021-10-16 03:32 UTC,N/A,false,N/A,
Interactive Animations with CSS and JavaScript,"In a world without Flash, mixed-mode animation is a powerful tool for web designers. This course shows how to choose the correct mix of HTML, JavaScript, CSS, and other assets to deliver polished web-based animations that look great on everything from flat-screen televisions to smartphones. Instructor W. Scott Means focuses on how CSS animations, JavaScript, and SVG can be used to produce sophisticated effects while keeping code complexity to a minimum. As he steps through how to build a dynamic presentation, he covers storyboarding, HTML5 custom elements, working with SVG, DOM manipulation, and more.",Course,2021-04-23 04:54 UTC,N/A,false,N/A,
Raspberry Pi Essential Training,"In this introductory class to the Raspberry Pi, technologist Mark Niemann-Ross explains the vocabulary associated with this single-board computer, then shows you how to plug in peripherals and perform basic computing tasks. Mark first describes how the Raspberry Pi compares to other computers and how it can be used as a media server, musical instrument, robotics controller, and more. He covers the members of the Raspberry Pi family and how to select the one that is right for you and the accessories that you need to use it effectively. Mark walks you through connecting your Raspberry Pi to wi-fi and ethernet, as well as getting it started. After examining operating systems for Raspberry Pi, he goes into why a virtual networking computer (VNC) for Raspberry Pi can be very helpful and how you can enable and use one. Mark discusses sound on your Raspberry Pi and how to use and control the GPIO board. After going over Raspberry Pi hardware, he dives into the Raspberry Pico microcontroller, then finishes up with how to run the Raspberry Pi OS on other computers.
<br><br>
Note: This course was created by Mark Niemann-Ross. We are pleased to host this training in our library.",Course,2022-03-14 17:57 UTC,N/A,false,N/A,
Learning Penetration Testing (2016),"You've done everything you can to logically secure your systems, along with layering in user education and providing physical security. However, the only way to <em>know</em> if your defenses will hold is to test them. This course looks at one of the most important skills of any IT security professional: penetration testing. Penetration testing is the process to check if a computer, system, network, or web application has any vulnerabilities. Cybersecurity expert Lisa Bock reviews the steps involved in performing a worthwhile penetration test, including auditing systems, listing and prioritizing vulnerabilities, and mapping out attack points a hacker might target. She also defines the various types of ""pen"" tests—such as black, grey, and white box; announced vs. unannounced; and automated vs. manual testing—and the techniques and blueprints a pen tester should use to test everything from Wi-Fi to VoIP. Finally, she discusses how to choose and work with an outsourced pen-testing organization, which can bring a valuable outsider's perspective to your IT security efforts.",Course,2021-10-01 04:30 UTC,N/A,true,N/A,
JavaScript for Web Designers,"Web designers can improve their skill sets and job prospects by getting comfortable with JavaScript. It's the only scripting language for client-side programming—for doing things that would be impossible with HTML and CSS alone—and is increasingly popular for server-side programming, too. Learn some basic, real-world uses for JavaScript in this course with Joe Chellman. Find out how to write JavaScript in the browser and in a code editor, and then put it straight to use in a store checkout page: manipulating forms and form fields, reading data, checking input for errors, and displaying the results of shipping calculations. Plus, learn how to use JavaScript time and date functions to create features like clocks, and add interactive content through APIs like Bing Maps.",Course,N/A,N/A,true,N/A,
Learning Node.js,"Node.js is a platform built on the Chrome JavaScript runtime that can help you build fast, scalable network applications. Node.js uses an event-driven, non-blocking I/O model that makes it lightweight and efficient—perfect for data-intensive real-time applications that run across distributed devices. In this course, learn the basics of Node.js, and discover how to build a simple application. Alexander Zanfir goes into topics such as npm, reading and writing files, and Node.js frameworks. He covers Node.js features, such as async/await, and dives into popular web development concepts. Alexander also walks through how to build a demo chat app from start to finish.",Course,2021-11-22 15:09 UTC,N/A,true,N/A,
Hands-On Data Science: 4 Services Analysis in Spark,"Are you considering working in data science, and would you like to try out some popular tools first? This course focuses on what you can do with Apache Spark. Instructor Ben Sullins shows you how to set up Spark on Databricks. Ben goes over how to import your data and start working with it, using both Python and SQL languages in Spark. He steps through taking your project to the next level with some easy data visualizations. After explaining some tips and tricks to present your data using Spark, Ben concludes with some additional resources that you can use to pursue your data science journey.
<br><br>
Note: This course was created by Ben Sullins and Free the Data Academy. We are pleased to host this training in our library.",Course,2023-09-20 04:19 UTC,N/A,false,N/A,
HTML and CSS: Linking,"Hyperlinks are the foundation of the World Wide Web, but they come in many different flavors.  Do you want to link to a specific point in a document?  Make a phone call, or send an email?  Link from images or dedicated navigation bars instead of text?  In this course, instructor Jen Kramer gives you all the tools you need to make those tasks easy. Jen goes over basic links, linking to different files and resources, and linking from images, headers, text, and more. She shows you how you can style links and individual link states using CSS selectors, then goes into how you can make exceptions and create different styles. Jen covers the steps you should take to maintain links and redirect them when necessary.",Course,N/A,N/A,true,N/A,
Advanced CSS Media Queries,"While most web developers have encountered media queries as part of their work on responsive layouts, media queries offer many more options than just the size of the viewport. In this course, instructor Jen Kramer explores some of the latest and greatest media query options available to Chrome, Firefox, Edge, and Safari. Learn how to test for different styles of interaction, determine how devices are held, figure out what resolution they have, and combine these options to build better sites and apps. Jen also covers complex media queries using and, not, and comma-separated conditions. Plus, she shows you how to keep these choices from breaking your projects in older devices.",Course,N/A,N/A,true,N/A,
Developing for Web Performance,"<div><a href=""https://www.linkedin.com/newsletters/6780173704283475968?trk=lil-course-description"" target=""_blank"" class=""artdeco-button artdeco-button--1"">View Morten's LinkedIn Newsletter</a></div><br>Performance matters! Faster websites have been shown to increase visitor retention, loyalty, and satisfaction, especially on mobile. In this course, discover how to develop websites and applications with performance in mind. Since the cause of most slowdowns is the communication between the browser and the server—the realm of HTTP—senior staff instructor Morten Rand-Hendriksen goes over the HTTP/2 protocol, which offers web developers huge performance enhancements. Morten then covers how to keep your team focused on performance by creating a realistic performance budget. He explains how to optimize images (one of the biggest resource hogs), code, and file caching, as well as server delivery and browser handling. Plus, learn how to optimize CSS and JavaScript and use a content delivery network to speed up download times. Upon wrapping up this course, you'll have the basic knowledge you need to develop websites and apps that thrive in the age of the lightning-fast web.",Course,N/A,N/A,true,N/A,
CSS: Print Style Sheets,"CSS makes it easy to create compelling online experiences, but style sheets also work for pages off the screen. The need for print persists and site developers should know how to create not just workable but appealing print results. Learn why print style sheets are important and how they can help improve the user experience for your website, in this course with veteran web designer and teacher Jen Kramer. Jen explains how to create and link CSS via an external print style sheet or a print-based media query. She then shows how to use standard best practices to optimize page layouts for print vs. screen, including hiding and showing content exclusive to each media type. Plus, learn how to take your print page formatting to the next level using the CSS paged media and fragmentations specifications, which allow you to set page breaks, adjust margins, and control the formatting and layout of text.",Course,N/A,N/A,true,N/A,
Learning Functional Programming with JavaScript ES6+,"Want to write more robust, maintainable code? In this course, discover how this can be accomplished with functional programming, and learn about the functional concepts at the heart of many JavaScript frameworks and programs. Shaun Wassell begins by explaining what functional programming is and how it compares to object-oriented programming. Shaun then covers the basics of working with first-class functions in JavaScript ES6+, discussing concepts such as higher-order functions and closure. He also shows how functional programming makes working with data structures more straightforward; dives into advanced concepts, including partial application and recursion; and provides challenges that can help you test your understanding of key functional programming concepts.",Course,N/A,N/A,true,N/A,
Workflow Tools for Web Developers (2016),"Web developers don't have to do everything by hand. There are many tools and frameworks that can make your workflow more productive and efficient—helping you code faster and cleaner than before. Christina Truong introduces browser tools for analyzing and testing your code; text editors that help you write it; and shortcuts and tools for automating repetitive web dev tasks. Plus, learn how version control systems like Git actually help save you time, in addition to saving you from mistakes. Get an overview of the pros and cons of each tool as well as examples, tips, and guidance for evaluating which ones will work best for you.",Course,N/A,N/A,true,N/A,
CISSP Cert Prep (2021): 6 Security Assessment and Testing,"Are you getting ready for the Certified Information Systems Security Professional (CISSP) exam, or are you perhaps an experienced information security professional who wants to learn more about security assessment and testing? In this course, instructor Mike Chapple provides you with the detailed information you need to prepare for the Security Assessment and Testing domain of the 2021 CISSP exam. Mike explains information security and risk management practices, especially the practices you need to complete the CISSP exam.  He covers security governance, compliance, and policy issues. Mike discusses business continuity, personnel security, threat modeling, vendor management, and security training and awareness topics.",Course,2022-09-21 08:34 UTC,N/A,false,N/A,
Building Web APIs with ASP.NET Core in .NET,"Web APIs drive the most popular web and mobile apps, as well as internet-enabled devices ranging from fridges to phones. Curious about how to build a web API of your own? In this course, instructor Christian Wenz shows you how to get started, taking you step by step through the process of building a web API with ASP.NET Core 6, the open-source framework for Windows, macOS, and Linux. Christian explains how routing works and how data is modeled in ASP.NET Core. He provides coverage of Entity Framework Core to help you grasp how data models in your projects connect to underlying databases, explains HTTP verbs like CRUD operations, and more.",Course,2023-10-04 07:44 UTC,N/A,false,N/A,
React.js: Building an Interface,"React is a JavaScript library with reusable components and a unique data rendering approach. Web interfaces that you create with React are flexible, fast, and lightweight. In this course, instructor Ray Villalobos reviews component architecture in React and covers key skills that you need to be able to build interfaces. Ray steps through how to install React and get started with components, debugging, and variables. He explains how you can pass data to a component, use the useState hook and conditional classes, and toggle items by passing the state to a sub-component and using values to hide or show sub-components. Ray describes how you can delete records, search with a filtered array, set up a sort, and more. He shows how you can finish up your application by creating the code for adding appointments.",Course,2022-02-15 07:35 UTC,N/A,true,N/A,
Computer and Text Neck Stretching Exercises,"Our necks bear the brunt of the stress when we spend too much time looking at screens. Taking a break is the best solution, but sometimes we can’t afford to go offline. Luckily, with simple corrections to your posture and typing habits, you can eliminate injury to this sensitive area. Join Dr. Baxter Bell for this series of exercises that can help relieve and prevent neck pain. Discover the proper way to stretch your back and neck, lengthen your neck muscles and upper spin, deepen your breath, and get the blood flowing through your body. Plus, learn a simple exercise that will benefit your neck and your wrists.<br><br>

Note: This course was created and produced by <a href=”https://www.desk-yogi.com” target=”_blank”>Desk Yogi</a>.",Course,2020-11-21 06:10 UTC,N/A,false,N/A,
Windows 10 for IT Support: Advanced Troubleshooting,"If you work in IT supporting Windows 10, you have an excellent mastery of the basics. In this course, instructor Brien Posey helps you take your understanding to the next level. Brien explains common causes of service failure and how to fix them. He also guides you through steps to take in network troubleshooting, then shows you how to troubleshoot logins. Brien goes over tools and techniques you can use to troubleshoot system updates and integrity. Plus, he covers ways you can improve devices’ performance and dives into what you can do when the blue screen of death appears.",Course,2023-01-31 14:09 UTC,N/A,false,N/A,
How to Develop your Career Plan,"Creating a career plan is vital. Wherever you're going, you'll arrive faster—and encounter less stress along the way—if you have a plan in place. In this concise course, instructor Aimee Bateman steps through how to create an effective career plan that brings you one step closer to your dream job. Learn how to design and implement your career plan, create a personal development plan (PDP), set achievable goals, and connect with a mentor.",Course,2022-04-25 18:13 UTC,N/A,false,N/A,
Career Wellness Nano Tips with Shadé Zahrai,"Welcome to our <i>Nano Tips</i> series, where LinkedIn Learning creators deliver impactful lessons in literally seconds.<br><br>In this course, get some quick tips on how to better manage your work life and career. Check out some practical advice on workload prioritization, emotional self-regulation, and managing overwhelming work experiences. Also learn how to bring empathy to work, receive feedback with confidence, and even find out the real reason behind procrastination.",Course,2022-07-22 17:09 UTC,N/A,false,N/A,
JavaScript: Maps and Sets,"Programming languages are always evolving and changing, and JavaScript is no exception. Over time, JavaScript has grown, and many new aspects have been added, including maps and sets. JavaScript maps and sets may sound simple, but they aren't quite the same as their counterparts in other programming languages. In this course, software engineer Jamie Pittman covers the ins and outs of JavaScript maps and sets, their syntax, how they work, and how to integrate them into your daily coding practice. Topics covered include a general overview of these features, when and where to use them, their WeakMap and WeakSet versions, and the various methods and properties associated with them.",Course,2023-04-19 07:37 UTC,N/A,false,N/A,
Learning Spring with Spring Boot (2019),"Spring is the hugely popular framework for developing Java applications in the enterprise space. In this course, discover how to leverage Spring Boot, which takes an opinionated view of the Spring platform. Follow Frank Moley as he walks through how to use Spring Boot to quickly and efficiently develop a practical, enterprise-style web application. As Frank explains how to develop the app, he helps to familiarize you with the general Spring framework. Plus, Frank dives into some of the basic projects of Spring that you can use to develop Java-based applications.",Course,2021-07-14 05:00 UTC,N/A,false,N/A,
Arduino: Prototyping,"For designers and product managers, the Arduino family of microcontrollers and easy-to-assemble components is a valuable tool for exploring and evaluating hardware product designs. Rapid, incremental prototypes can help improve outcomes and reduce cost and time in the design process. In this course, instructor Robert Gallup helps you go beyond the basics and learn what it takes to develop Arduino-based prototypes. Robert begins by providing an overview of the prototype development process, highlighting both best practices and potential pitfalls. He then steps through how to develop and refine a proof-of-concept prototype, introducing relevant concepts and techniques along the way. After this course, you'll be ready to tackle your own hardware prototyping using Arduino. <br>
Robert also includes several hands-on challenges with solutions to help you better understand the LCD, animation dynamics, and the final process of completing your prototype and modifying it in response to feedback.",Course,2021-06-29 06:41 UTC,N/A,false,N/A,
Agile Software Development: Code Quality,"Code quality is important to every developer. Poorly written software can cost you customers, time, and money. This course introduces best practices and tools for writing high-quality code, so you can deliver better products, get updates to market faster, and reduce your overall technical debt. Instructor Scott Ford introduces platform-agnostic tools that will help improve any software project. Learn how to reduce complexity with CodeClimate, analyze hotspots and churn with CodeScene, ensure adequate code coverage with NDepend, and reduce duplication with SonarQube. Plus, find out how to use Snyk to secure dependencies and build a more consistent coding style with HoundCI. By the end, you’ll have the tools and skills you need to create cleaner code—and programs that are easier to debug, run, and maintain.",Course,2021-11-30 07:57 UTC,N/A,false,N/A,
C++ Essential Training (2020),"Learn C++ programming, starting with the basics. Widely used for both systems and applications development, C++ is available for virtually every operating system and has influenced and informed many derivative languages, including C# and Java. In this course, Bill Weinman guides you through the nuts and bolts of this essential language. He helps you set up your environment for coding and dissects the anatomy of a basic C++ program. He reviews the essentials—statements and expressions, variables, conditionals, operators, loops, and functions—and moves on to more complex topics, such as data structures, classes and objects, and templates. Along the way, Bill explains concepts such as recursion, type casting, and operator overloads, and dives into the powerful container classes and algorithms in Standard Template Library (STL). These exhaustive tutorials provide a solid C++ reference for both experienced programmers and those who are brand new to the language.",Course,2021-03-04 13:46 UTC,N/A,false,N/A,
After Effects 2020 New Features,"After Effects 2020 is here. Want to know how this new version will impact your motion graphics workflow? This course covers the latest upgrade, focused around the new, more powerful Content-Aware Fill. Discover how to remove an object, create a reference frame, and remove a logo on a smooth surface with this intelligent editing tool. Instructor Mark Christiansen provides practical tips to help you get the most from this forward-looking update.",Course,2020-11-08 15:47 UTC,N/A,false,N/A,
PHP Essential Training,"PHP is a popular programming language that you can use to write simple code for web pages. If you have been using HTML to develop websites, learning PHP will allow you to create dynamic pages. In this course, learn the fundamentals of PHP. Kevin Skoglund covers concepts such as how to embed PHP code into an HTML page, and reviews the basic PHP data types such as strings and arrays. He also covers the different control structures in PHP, how to work with built-in PHP functions, and how to define your own custom functions.",Course,2022-05-19 11:30 UTC,N/A,false,N/A,
Learning MongoDB (2020),"Excelling in an ever-changing software development world requires true ""full stack"" experience. Knowledge of nonrelational databases in particular adds exciting new capabilities and features that make everyday development easier, more streamlined, and vastly more scalable. This course provides an introduction to using MongoDB, one of the most popular nonrelational databases. Discover how to create documents to store data, organize documents in collections, and write queries to read, update, and delete documents. Instructor Justin Jenkins also shows how to properly index data to increase performance in MongoDB, and then shows how MongoDB can be integrated with applications written in Python, Node.js, and PHP. In the final chapter, he covers basic server administration, including replication, sharding, security, and backups. Make sure to practice your newfound MongoDB skills using the challenge and solution sets issued along the way.",Course,2021-12-21 05:21 UTC,N/A,true,N/A,
Excel Essential Training (Microsoft 365) (2018),"Get up to speed with Microsoft Excel, the world's most popular spreadsheet program. Follow along with Excel expert Dennis Taylor as he demonstrates how to efficiently manage and analyze data with this powerful program. Learn how to enter and organize data, perform calculations with simple functions, and format the appearance of rows, columns, cells, and data. Other lessons cover how to work with multiple worksheets, build charts and PivotTables, sort and filter data, use the printing capabilities of Excel, and more.",Course,2022-10-03 05:44 UTC,N/A,false,N/A,
Learning PCB Design with OrCAD,"Designing printed circuit boards (PCBs)—which help to power nearly all electronic devices—requires both sound reasoning and creative thinking. In this course, Kirsch Mackey steps through this process, demonstrating how to design and output a PCB using OrCAD (also known as Allegro), the industry-leading software used by many of the world's top electronic and consumer device manufacturers. Kirsch steps through how to work with both OrCAD Capture and PCB Editor to bring your project to the finish line, helping you become familiar with the electronic board development workflow along the way. Learn how to create electronic schematics, lay out your circuits on printed circuit boards, and generate manufacturing files and PCB documentation.",Course,2022-01-28 04:58 UTC,N/A,false,N/A,
Expert Tips for Answering Common Interview Questions,"There are certain questions that interviewers volley at nearly all interviewees—regardless of the position or industry—in an attempt to get a read on their personality and potential. Whether you're vying for a gig as an IT specialist or sales manager, you'll likely be asked about your strengths and weaknesses, your leadership style, and other basic professional attributes. In this collection of bite-sized videos, get expert tips that can help you confidently tackle these and other common questions—and, ultimately, ace your next job interview. Plus, get insights on how to dress for your interview, project confidence with your body language, negotiate your salary, and more.",Course,2022-03-18 12:34 UTC,N/A,false,N/A,
React.js Essential Training,"Among all other JavaScript libraries, React.js stands out. It relies on reusable components, not templates, for UI development, allowing developers to render views where data changes over time. React applications are more scalable and more maintainable, making developers more efficient and users more satisfied. In this course, Eve Porcello introduces the basics of the React library using the most modern syntax and best practices for creating React components. Along the way, learn how to set up Chrome tools for React; create new components; work with the built-in Hooks in React; use the Create React App to run tests, and more. By the end of the course, you'll be armed with the essentials of React.js and better prepared to build your own browser-based projects.",Course,2023-07-28 15:22 UTC,N/A,false,N/A,
What is Graphic Design?,"Are you curious about what graphic design really is? This video defines graphic design, so you can understand its purpose and what it accomplishes. Learn how design is used to convey ideas and concepts, and to enhance interactive experiences. Discover the impact that strong visual communication has on individuals, businesses, and the world. Then, get ready to explore courses that will help you build graphic design skills.",Course,2020-09-17 07:20 UTC,2020-09-17 07:19 UTC,false,N/A,
Python Object-Oriented Programming (2020),"The object-oriented programming (OOP) features in Python make it easier to build programs of increasing complexity and modularity. In this course, you can learn how to apply core OOP principles like inheritance and composition along with some Python-specific features like “magic” methods and data classes to build programs that are extensible and efficient. Begin by brushing up on some object-oriented basics, and then use Python features like magic methods to make your classes integrate tightly with the Python language and data classes to dramatically reduce the amount of boilerplate code needed to build data-centric objects.",Course,2021-05-30 15:00 UTC,N/A,true,N/A,
AWS Certified Cloud Practitioner (CLF-C01) Cert Prep: 1 Cloud Concepts,"Amazon Web Services (AWS)—and cloud computing in general—can be difficult for people without technical backgrounds to decipher. This introductory course is a bridge between non-engineers and the cloud. It is the first in a four-part series designed to help professionals in non-technical roles, including finance teams, project managers, and marketers, make the best use of AWS. Instructor Hiroko Nishimura—founder of Intro to AWS for Newbies—provides a brief history of cloud computing, an overview of cloud deployment models, and a summary of cloud design principles. She then shows how to create an account and start using the AWS Free Tier to gain hands-on experience with AWS products and services. Plus, get exam tips and learn about resources for professionals studying for the AWS Certified Cloud Practitioner exam.<br/><br/>Note: This course also maps to the first domain of the AWS Certified Cloud Practitioner exam. Taking all four courses in the <i>Introduction to AWS for Non-Engineers</i> series will help you prepare for the exam.",Course,2022-04-13 07:15 UTC,N/A,false,N/A,
Node.js Essential Training (2019),"Node.js is a powerful tool for controlling servers, building web applications, and creating event-driven programs. And it takes JavaScript—a language familiar to all web developers—out of the browser. With Node.js, you can build applications that run on your laptop or even the cloud. In this course, learn the essentials of Node.js and start creating your own JavaScript applications. Instructor Alex Banks acquaints you with all of the basics, showing how to install Node.js and work with the Node.js core, which includes standard input, standard output, the module system, the file system, and how to write and run JavaScript on the server. Upon wrapping up this course, you’ll be equipped with fundamental Node.js concepts and techniques that you can put to use in your next project.",Course,2020-12-31 05:06 UTC,N/A,false,N/A,
"C: Data Structures, Pointers, and File Systems","C is a foundational language for a variety of other programming languages, as well as an up-and-coming language for embedded systems. If you’re interested in broadening your knowledge of C, then this course is for you. Join instructor Dan Gookin as he takes a deep dive into data structures, pointers, and other key topics in this essential programming language. Dan digs into a variety of programming concepts such as arrays, structures, characters, and strings. He also goes over pointers—variables that hold a memory location—explaining how to use pointers to manipulate data, do pointer math, and more. He wraps up the course by sharing a few special techniques, including how to solve math puzzles with C.",Course,N/A,N/A,true,N/A,
Succeeding in Web Development: Full Stack and Front End,"Do you want to become a web developer? Nowadays, web development isn't one job. There is a range of technologies and career options to explore. The core responsibilities are split two ways—between front-end developers who specialize in websites and applications and back-end developers who work with servers and databases—but you can also become a full-stack developer who oversees all aspects of a project. This course provides a map of the core technologies and advice about mastering them, complemented with the details you need to connect them to jobs. Senior staff author Ray Villalobos also provides tips on finding training, getting hired, and maximizing your earning potential in this lucrative and exciting field.",Course,2022-09-08 16:29 UTC,N/A,false,N/A,
Learning the JavaScript Language (2019),"JavaScript is the lingua franca of the web, but before using it to create dynamic websites, you need to understand how it works. In this course, Joe Chellman explores the syntax behind the JavaScript language. He shows how to ""speak"" JavaScript by gaining an understanding of variables, types, objects, arrays, operators, control structures, loops, and functions, through a series of hands-on examples that put these ideas into action. After completing this course, most developers will grasp the core syntax of JavaScript and how this scripting language works to build powerful and complex functionality on the web.",Course,2022-01-17 18:16 UTC,N/A,false,N/A,
Responsive Layout,"Responsive design demands that websites adapt to the device they are displayed on. Responsive layout is key, and HTML and CSS now offer features that make it easier than ever to create layouts that will work well on a wide range of devices and screen sizes. In this course, Clarissa Peterson covers the basics of designing responsive website layouts with the latest standards, including CSS Flexbox and Grid. Review the basics, such as working with the position and float properties to adjust the location of elements on screen, and discover how to use media queries to proactively update your layout. Then dive into CSS Grid, including aligning and ordering items within the grid, and find out to work flexbox containers. Finally, learn to build a 12-column design that combines Grid and Flexbox in one layout.",Course,2022-02-01 10:27 UTC,N/A,true,N/A,
Graphic Design Tips & Tricks,"More from LinkedIn Learning's top experts<br><div><a href=""https://www.linkedin.com/newsletters/6507615734686892032?trk=lil-course-description"" target=""_blank"" class=""artdeco-button artdeco-button--1"">Art and Design Newsletter</a></div><br>John McWade, founder of <i>Before & After</i> and former senior staff author at LinkedIn Learning, presents a series that touches on all areas of design, helping designers new and old sharpen their skills and create more powerful work. This series covers a wide range of topics, from typography and layout to color and logo design, but each episode is a standalone technique that can be completed in just ten minutes or less.",Course,2021-01-26 12:00 UTC,N/A,false,N/A,
React Hooks,"React Hooks embed logic into functions in new React applications. In this course, instructor Eve Porcello covers various styles of Hooks usage and ways to integrate them into your programming workflow. She tells you how Hooks came to be part of the library, then walks you through how to install Create React App. Eve covers how you can use the useState Hook to handle different types of state variables and work with component trees. The useEffect Hook can be used for several application side effects, whenever the state of the app changes. Eve teaches you how to work with the dependency array effect and fetch data with the useEffect Hook. Next, she explains several additional Hooks and steps through the process of creating custom Hooks. In conclusion, Eve shows you some different directions you can pursue to improve your knowledge of the React ecosystem.",Course,2021-12-01 07:36 UTC,N/A,false,N/A,
High-Stakes Communication,"Imagine you’re in a room with a group of stakeholders, each of whom has the power to alter the course of your professional life. If you impress them, they’ll fund your project and champion you as a leader. If you falter, you’ll exit the room with a tarnished reputation. Are you prepared to handle a moment like this, even when it is unexpected? How do you set yourself up for success when so much is on the line? In this course, Jenna Lange shares techniques that can help you manage your message, your mindset, and your stakeholders when the stakes are high. Learn how to build concise, effective messages, manage your body language, avoid common pitfalls, and more. Along the way, Jenna shares case studies and surprising personal experiences that lend a real-world context to each concept.",Course,2021-12-29 17:16 UTC,N/A,false,N/A,
AWS Certified Data Analytics – Specialty (DAS-C01) Cert Prep: 4 Analysis and Visualization,"The AWS Certified Data Analytics credential helps organizations identify and develop talent with critical skills for implementing cloud initiatives. Earning AWS Certified Data Analytics – Specialty certification validates expertise in using AWS data lakes and analytics services to get insights from data. In this course, Noah Gift focuses on the fourth domain of the exam: Analysis and Visualization. Join Noah as he shows you how to: determine the operational characteristics of the analysis and visualization solution; select the appropriate data analysis solution for a given scenario; and select the appropriate data visualization solution for a given scenario.",Course,2023-10-11 07:56 UTC,N/A,false,N/A,
C Programming for Embedded Applications,"<p>From medical devices to a car’s dashboard to a video game controller, embedded systems are all around us. Learning to write embedded software in C will help you deliver applications that are small, efficient, and fast. </p>
<p>
In this course, instructor Eduardo Corpeño explains how C programming and the Internet of Things combine in embedded applications—software that permanently resides on a device—and demonstrates the challenges unique to this type of programming, ranging from memory, storage, and power limitations to hardware awareness.",Course,2022-07-30 05:32 UTC,N/A,false,N/A,
Python Data Structures and Algorithms,"Software developers know that efficient underlying architecture is essential to the technologies we use every day. Knowledge of data structures and the algorithms which they support helps developers choose the most suitable solution for a given context, making them better programmers who stand out to their company, clients, or prospective employers. In this course, leveraging the Python programming language, instructor Robin Andrews uses a combo of visual, theoretical, and hands-on programming approaches to explain concepts in a fun and accessible way. Robin explains some of the most important data structures such as stacks, queues, and priority queues, and how these are used by search algorithms such as depth-first search, breadth-first search, and the A-star (A*) algorithm. He shows how to trace the execution of algorithms. Along the way, he provides challenges that allow you to test your new skills.",Course,2021-02-19 07:38 UTC,N/A,false,N/A,
JavaScript Essential Training,"JavaScript is a scripting language of the web. As the web evolves from a static to a dynamic environment, technology focus is shifting from static markup and styling to dynamic interfaces and advanced interaction. Once seen as optional, JavaScript is now becoming an integral part of the web, infusing every layer with its script.</p><p>This course includes Code Challenges powered by CoderPad. Code Challenges are interactive coding exercises with real-time feedback, so you can get hands-on coding practice alongside the course content to advance your programming skills. Instructor Morten Rand-Hendriksen helps you build your understanding of JavaScript piece by piece, from core principles like variables, data types, conditionals, and functions through advanced topics including loops, and DOM scripting. </p>",Course,2021-09-22 05:01 UTC,N/A,false,N/A,
Java Object-Oriented Programming,"Are you familiar with Java but want to get the most out of your Java programs? In this course, Kathryn Hodge teaches the basics of object-oriented programming in Java, so you can write code that’s secure, scalable, and easier to troubleshoot. Kathryn begins by showing how object-oriented principles are embedded into the Java language from the first code file you create. She looks at how classes, instances, and constructors embody the idea of representing real-life objects in code. Kathryn not only shows how to apply object-oriented principles in your own programs, but also explains how Java leverages these principles behind the scenes. While many resources about object-oriented programming focus on abstract examples, the goal of this course is to get away from the abstract and focus more on practical examples of these principles in Java. Along with deep dives into the source code, this course also provides several challenges and solutions to help you apply what you’ve learned.",Course,2023-03-19 14:54 UTC,N/A,false,N/A,
C++ Templates and the STL,"C++ templates support generic programming, code that works independent of type. The C++ Standard Template Library (STL) is one of the most complete and powerful container libraries available. Having a solid grasp of both C++ templates and the STL is essential for programmers looking to attain competency in C++. In this course, the second in a series focused on C++ essentials, instructor Bill Weinman dives into both of these fundamental topics. To begin, he covers templates, discussing template syntax, template functions and classes, and argument deduction. He then builds on that knowledge to discuss STL containers, iterators, transformations, functions, and algorithms.",Course,2020-12-18 06:55 UTC,N/A,false,N/A,
